,%missing,AUC,Accuracy,F1-score,w_unlabelled
0,0.0,0.5,0.5075,0.6733001658374793,0.1
1,0.0,0.9723812857893026,0.9725,0.9731051344743277,0.2
2,0.0,0.9469255582506064,0.9475,0.9501187648456058,0.30000000000000004
3,0.0,0.9673801605361206,0.9675,0.9682151589242055,0.4
4,0.0,0.9626040859193318,0.9625,0.9627791563275433,0.5
5,0.0,0.9699182316021104,0.97,0.9705882352941176,0.6
6,0.0,0.9724563026681003,0.9725,0.972972972972973,0.7000000000000001
7,0.0,0.9579030281813407,0.9575,0.9569620253164558,0.8
8,0.0,0.9142307019079294,0.915,0.92018779342723,0.9
9,0.0,0.9726813533044936,0.9725,0.972568578553616,1.0
10,0.1,0.8478657697982046,0.85,0.8701298701298702,0.1
11,0.1,0.8486159385861819,0.85,0.8642533936651583,0.2
12,0.1,0.8539171313545548,0.855,0.8663594470046082,0.30000000000000004
13,0.1,0.9597659473381509,0.96,0.9611650485436893,0.4
14,0.1,0.972306268910505,0.9725,0.9732360097323601,0.5
15,0.1,0.9726063364256959,0.9725,0.9727047146401985,0.6
16,0.1,0.8949013528043811,0.895,0.8970588235294117,0.7000000000000001
17,0.1,0.9749193568552925,0.975,0.9754901960784313,0.8
18,0.1,0.902665599759946,0.9025,0.9027431421446384,0.9
19,0.1,0.9596159135805556,0.96,0.9615384615384616,1.0
20,0.2,0.9596909304593534,0.96,0.961352657004831,0.1
21,0.2,0.8204721062239003,0.8225,0.8453159041394336,0.2
22,0.2,0.9673801605361206,0.9675,0.9682151589242055,0.30000000000000004
23,0.2,0.9598409642169488,0.96,0.9609756097560976,0.4
24,0.2,0.9673801605361206,0.9675,0.9682151589242055,0.5
25,0.2,0.9647670725913331,0.965,0.9660194174757282,0.6
26,0.2,0.9225950838938761,0.9225,0.923076923076923,0.7000000000000001
27,0.2,0.9322972668850491,0.9325,0.9343065693430657,0.8
28,0.2,0.9701432822385038,0.97,0.9701492537313434,0.9
29,0.2,0.9701432822385038,0.97,0.9701492537313434,1.0
30,0.30000000000000004,0.807556700257558,0.81,0.8382978723404255,0.1
31,0.30000000000000004,0.8074816833787601,0.81,0.8389830508474577,0.2
32,0.30000000000000004,0.9549148558425645,0.955,0.9558823529411765,0.30000000000000004
33,0.30000000000000004,0.8892250756420195,0.89,0.8967136150234741,0.4
34,0.30000000000000004,0.9529769198069565,0.9525,0.9516539440203562,0.5
35,0.30000000000000004,0.9676052111725139,0.9675,0.9677419354838709,0.6
36,0.30000000000000004,0.9476757270385836,0.9475,0.9476309226932668,0.7000000000000001
37,0.30000000000000004,0.9653672076217149,0.965,0.9646464646464645,0.8
38,0.30000000000000004,0.960066014853342,0.96,0.9603960396039605,0.9
39,0.30000000000000004,0.9626791027981295,0.9625,0.9625935162094763,1.0
40,0.4,0.8125578255107399,0.815,0.8425531914893617,0.1
41,0.4,0.9393113450526369,0.94,0.9433962264150944,0.2
42,0.4,0.9427496186641994,0.9425,0.9423558897243107,0.30000000000000004
43,0.4,0.9394613788102323,0.94,0.9428571428571428,0.4
44,0.4,0.9177439923982896,0.9175,0.9172932330827067,0.5
45,0.4,0.9629041534345227,0.9625,0.9620253164556962,0.6
46,0.4,0.9052036708259358,0.905,0.9049999999999999,0.7000000000000001
47,0.4,0.9036408191843164,0.9025,0.896,0.8
48,0.4,0.8908754469755694,0.89,0.8848167539267016,0.9
49,0.4,0.9555149908729464,0.955,0.9540816326530612,1.0
50,0.5,0.9546147883273737,0.955,0.9567307692307693,0.1
51,0.5,0.9648420894701307,0.965,0.9658536585365854,0.2
52,0.5,0.8717586456952815,0.8725,0.88,0.30000000000000004
53,0.5,0.9255832562326524,0.925,0.923076923076923,0.4
54,0.5,0.9276712260258558,0.9275,0.9276807980049875,0.5
55,0.5,0.8831862168988023,0.8825,0.8785529715762274,0.6
56,0.5,0.925958340626641,0.925,0.9210526315789473,0.7000000000000001
57,0.5,0.891325548248356,0.89,0.8810810810810812,0.8
58,0.5,0.8588557425420719,0.8575,0.8455284552845528,0.9
59,0.5,0.9184191443074693,0.9175,0.9133858267716534,1.0
60,0.6000000000000001,0.8795979095296442,0.88,0.8846153846153847,0.1
61,0.6000000000000001,0.8850491360556126,0.885,0.8861386138613861,0.2
62,0.6000000000000001,0.8978145082643595,0.8975,0.8967254408060453,0.30000000000000004
63,0.6000000000000001,0.8877372408791978,0.8875,0.8872180451127819,0.4
64,0.6000000000000001,0.9056537720987221,0.905,0.9020618556701031,0.5
65,0.6000000000000001,0.8851241529344103,0.885,0.8855721393034826,0.6
66,0.6000000000000001,0.8925133154959866,0.8925,0.8938271604938273,0.7000000000000001
67,0.6000000000000001,0.9282713610562378,0.9275,0.9246753246753247,0.8
68,0.6000000000000001,0.8784101422820135,0.8775,0.8713910761154855,0.9
69,0.6000000000000001,0.6994323722837638,0.695,0.5734265734265734,1.0
70,0.7000000000000001,0.8359255832562327,0.8375,0.8545861297539149,0.1
71,0.7000000000000001,0.9273711585106649,0.9275,0.9290953545232274,0.2
72,0.7000000000000001,0.8943012177739992,0.895,0.9009433962264151,0.30000000000000004
73,0.7000000000000001,0.9246830536870796,0.925,0.927536231884058,0.4
74,0.7000000000000001,0.8824360481108249,0.8825,0.8845208845208845,0.5
75,0.7000000000000001,0.7632467305143659,0.76,0.6981132075471699,0.6
76,0.7000000000000001,0.7854892350778925,0.7825,0.7323076923076922,0.7000000000000001
77,0.7000000000000001,0.7533945137655974,0.75,0.6815286624203822,0.8
78,0.7000000000000001,0.7608586932059713,0.7575,0.692063492063492,0.9
79,0.7000000000000001,0.6649496136630743,0.66,0.5,1.0
80,0.8,0.5,0.5075,0.6733001658374793,0.1
81,0.8,0.8463029181565852,0.8475,0.8604118993135011,0.2
82,0.8,0.9302843139706433,0.93,0.9296482412060301,0.30000000000000004
83,0.8,0.9552899402365533,0.955,0.9547738693467336,0.4
84,0.8,0.9180440599134806,0.9175,0.9156010230179028,0.5
85,0.8,0.9431247030581881,0.9425,0.9408740359897171,0.6
86,0.8,0.8539296341676877,0.8525,0.8392370572207083,0.7000000000000001
87,0.8,0.5,0.4925,0.0,0.8
88,0.8,0.7925033132454802,0.79,0.7514792899408285,0.9
89,0.8,0.7314520767172613,0.7275,0.6354515050167225,1.0
90,0.9,0.7921032232252257,0.795,0.8298755186721992,0.1
91,0.9,0.8563926883548797,0.855,0.8423913043478262,0.2
92,0.9,0.819446875546998,0.8175,0.793201133144476,0.30000000000000004
93,0.9,0.7930284313970644,0.79,0.7407407407407408,0.4
94,0.9,0.8219099297341903,0.82,0.7966101694915255,0.5
95,0.9,0.7708609437123353,0.7675,0.7047619047619048,0.6
96,0.9,0.7930284313970644,0.79,0.7407407407407408,0.7000000000000001
97,0.9,0.5,0.4925,0.0,0.8
98,0.9,0.7807131604611037,0.7775,0.7210031347962382,0.9
99,0.9,0.5295566502463054,0.5225,0.11162790697674418,1.0
100,1.0,0.5,0.4925,0.0,0.1
101,1.0,0.5,0.4925,0.0,0.2
102,1.0,0.5,0.4925,0.0,0.30000000000000004
103,1.0,0.5,0.4925,0.0,0.4
104,1.0,0.5,0.4925,0.0,0.5
105,1.0,0.5,0.4925,0.0,0.6
106,1.0,0.5,0.4925,0.0,0.7000000000000001
107,1.0,0.5,0.4925,0.0,0.8
108,1.0,0.5,0.4925,0.0,0.9
109,1.0,0.5,0.4925,0.0,1.0
110,0.0,0.8264688219397458,0.8225,0.8397291196388261,0.1
111,0.0,0.8351266139525574,0.8325,0.8423529411764706,0.2
112,0.0,0.948278450605545,0.9475,0.9473684210526315,0.30000000000000004
113,0.0,0.9115704133720349,0.91,0.9121951219512195,0.4
114,0.0,0.8697077369632669,0.8675,0.8735083532219571,0.5
115,0.0,0.9472275047542789,0.9475,0.9454545454545454,0.6
116,0.0,0.8807927134420979,0.88,0.88,0.7000000000000001
117,0.0,0.9675457912120909,0.9675,0.9665809768637532,0.8
118,0.0,0.9312881593434091,0.93,0.9310344827586207,0.9
119,0.0,0.9672455209688721,0.9675,0.9662337662337662,1.0
120,0.1,0.5,0.485,0.6531986531986532,0.1
121,0.1,0.8440846762085877,0.8425,0.8467153284671534,0.2
122,0.1,0.950555499949955,0.95,0.9494949494949495,0.30000000000000004
123,0.1,0.9623911520368332,0.9625,0.9612403100775193,0.4
124,0.1,0.9625412871584427,0.9625,0.9614395886889461,0.5
125,0.1,0.9592132919627665,0.96,0.9576719576719577,0.6
126,0.1,0.8638274447002302,0.865,0.8556149732620321,0.7000000000000001
127,0.1,0.9413221899709738,0.9425,0.938337801608579,0.8
128,0.1,0.9531328195375839,0.9525,0.9521410579345088,0.9
129,0.1,0.9598138324492044,0.96,0.9585492227979275,1.0
130,0.2,0.5,0.485,0.6531986531986532,0.1
131,0.2,0.8372535281753578,0.835,0.842857142857143,0.2
132,0.2,0.8490891802622359,0.8475,0.851581508515815,0.30000000000000004
133,0.2,0.9525322790511461,0.9525,0.9511568123393317,0.4
134,0.2,0.9411470323290962,0.94,0.9405940594059405,0.5
135,0.2,0.9648183365028526,0.965,0.9637305699481865,0.6
136,0.2,0.9649684716244621,0.965,0.9639175257731959,0.7000000000000001
137,0.2,0.9623911520368332,0.9625,0.9612403100775193,0.8
138,0.2,0.8721599439495547,0.8725,0.8675324675324676,0.9
139,0.2,0.8668551696526876,0.8675,0.8608923884514434,1.0
140,0.30000000000000004,0.832699429486538,0.83,0.8403755868544601,0.1
141,0.30000000000000004,0.9592132919627665,0.96,0.9576719576719577,0.2
142,0.30000000000000004,0.9625412871584427,0.9625,0.9614395886889461,0.30000000000000004
143,0.30000000000000004,0.8554699229306375,0.855,0.8535353535353536,0.4
144,0.30000000000000004,0.9461765589030127,0.9475,0.9433962264150944,0.5
145,0.30000000000000004,0.9332899609648684,0.935,0.9289617486338797,0.6
146,0.30000000000000004,0.9596636973275948,0.96,0.9583333333333333,0.7000000000000001
147,0.30000000000000004,0.9719497547793015,0.9725,0.9711286089238845,0.8
148,0.30000000000000004,0.9516314683214894,0.9525,0.9496021220159152,0.9
149,0.30000000000000004,0.94920428385547,0.95,0.9470899470899472,1.0
150,0.4,0.936142528275448,0.935,0.9356435643564356,0.1
151,0.4,0.8352767490741668,0.8325,0.8430913348946135,0.2
152,0.4,0.8583475127614854,0.8575,0.85785536159601,0.30000000000000004
153,0.4,0.9024872385146633,0.9025,0.8997429305912596,0.4
154,0.4,0.8672805524972474,0.865,0.8714285714285714,0.5
155,0.4,0.934190771694525,0.935,0.9312169312169312,0.6
156,0.4,0.8792913622260035,0.88,0.8736842105263158,0.7000000000000001
157,0.4,0.9052397157441698,0.9075,0.8969359331476323,0.8
158,0.4,0.9279851866680012,0.93,0.9226519337016575,0.9
159,0.4,0.9310129116204584,0.9325,0.926829268292683,1.0
160,0.5,0.8043238915023521,0.8,0.8214285714285714,0.1
161,0.5,0.8392303072765489,0.8375,0.8426150121065376,0.2
162,0.5,0.9724001601441298,0.9725,0.9715762273901809,0.30000000000000004
163,0.5,0.863502151936743,0.8625,0.8635235732009926,0.4
164,0.5,0.9549594635171655,0.955,0.9536082474226805,0.5
165,0.5,0.9472275047542789,0.9475,0.9454545454545454,0.6
166,0.5,0.9643679311380242,0.965,0.9631578947368421,0.7000000000000001
167,0.5,0.8946301671504354,0.8975,0.8831908831908832,0.8
168,0.5,0.8403563206886198,0.845,0.8109756097560974,0.9
169,0.5,0.8145831248123311,0.82,0.7735849056603773,1.0
170,0.6000000000000001,0.8540936843158842,0.8525,0.856447688564477,0.1
171,0.6000000000000001,0.9097687919127214,0.91,0.9067357512953368,0.2
172,0.6000000000000001,0.8515163647282554,0.85,0.8536585365853658,0.30000000000000004
173,0.6000000000000001,0.8762386147532778,0.875,0.876847290640394,0.4
174,0.6000000000000001,0.900085076568912,0.9025,0.8907563025210085,0.5
175,0.6000000000000001,0.8791662496246622,0.8825,0.863768115942029,0.6
176,0.6000000000000001,0.8844710239215293,0.8875,0.8710601719197707,0.7000000000000001
177,0.6000000000000001,0.825042538284456,0.83,0.7901234567901235,0.8
178,0.6000000000000001,0.7992693424081674,0.805,0.751592356687898,0.9
179,0.6000000000000001,0.8073015714142728,0.8125,0.7663551401869159,1.0
180,0.7000000000000001,0.928585727154439,0.93,0.9243243243243243,0.1
181,0.7000000000000001,0.870333299969973,0.87,0.8680203045685279,0.2
182,0.7000000000000001,0.8624512060854771,0.8625,0.8586118251928021,0.30000000000000004
183,0.7000000000000001,0.8688569712741467,0.8725,0.8504398826979472,0.4
184,0.7000000000000001,0.889925933340006,0.8925,0.8788732394366198,0.5
185,0.7000000000000001,0.8571464317886098,0.8575,0.851948051948052,0.6
186,0.7000000000000001,0.8793163847462716,0.8825,0.8645533141210374,0.7000000000000001
187,0.7000000000000001,0.7528775898308477,0.76,0.6756756756756755,0.8
188,0.7000000000000001,0.729681713542188,0.7375,0.6341463414634145,0.9
189,0.7000000000000001,0.7190721649484536,0.7275,0.6093189964157706,1.0
190,0.8,0.8419327394655189,0.8375,0.8552338530066815,0.1
191,0.8,0.8332999699729757,0.83,0.8433179723502303,0.2
192,0.8,0.8398308477629867,0.8375,0.845605700712589,0.30000000000000004
193,0.8,0.9217545791212091,0.9225,0.9182058047493404,0.4
194,0.8,0.8355019517565809,0.84,0.806060606060606,0.5
195,0.8,0.8697577820038034,0.8725,0.8555240793201134,0.6
196,0.8,0.82897107396657,0.8325,0.8046647230320702,0.7000000000000001
197,0.8,0.5,0.515,0.0,0.8
198,0.8,0.7854569112200981,0.79,0.7454545454545455,0.9
199,0.8,0.7337603843459113,0.74,0.6623376623376623,1.0
200,0.9,0.9167250525472928,0.915,0.9174757281553397,0.1
201,0.9,0.795515964367931,0.79,0.8189655172413793,0.2
202,0.9,0.8010459413472125,0.8025,0.7870619946091645,0.30000000000000004
203,0.9,0.8474376939245322,0.8475,0.8431876606683805,0.4
204,0.9,0.7466469822840557,0.7525,0.6837060702875399,0.5
205,0.9,0.7257031328195377,0.73,0.6766467065868265,0.6
206,0.9,0.5,0.515,0.0,0.7000000000000001
207,0.9,0.5,0.515,0.0,0.8
208,0.9,0.5,0.515,0.0,0.9
209,0.9,0.5,0.515,0.0,1.0
210,1.0,0.5,0.515,0.0,0.1
211,1.0,0.5,0.515,0.0,0.2
212,1.0,0.5,0.515,0.0,0.30000000000000004
213,1.0,0.5,0.515,0.0,0.4
214,1.0,0.5,0.515,0.0,0.5
215,1.0,0.5,0.515,0.0,0.6
216,1.0,0.5,0.515,0.0,0.7000000000000001
217,1.0,0.5,0.515,0.0,0.8
218,1.0,0.5,0.515,0.0,0.9
219,1.0,0.5,0.515,0.0,1.0
220,0.0,0.8044740266239615,0.8,0.8222222222222222,0.1
221,0.0,0.9652687418676811,0.965,0.9642857142857142,0.2
222,0.0,0.9507056350715645,0.95,0.949748743718593,0.30000000000000004
223,0.0,0.9576869182264038,0.9575,0.9565217391304348,0.4
224,0.0,0.8577469722750477,0.8575,0.8549618320610686,0.5
225,0.0,0.8633770393354019,0.865,0.8532608695652173,0.6
226,0.0,0.9628415574016616,0.9625,0.9618320610687022,0.7000000000000001
227,0.0,0.952832549294365,0.9525,0.9516539440203563,0.8
228,0.0,0.957086377739966,0.9575,0.9556135770234987,0.9
229,0.0,0.8668551696526876,0.8675,0.8608923884514434,1.0
230,0.1,0.933865478931038,0.9325,0.9336609336609336,0.1
231,0.1,0.8421078971073965,0.84,0.8468899521531099,0.2
232,0.1,0.9675457912120909,0.9675,0.9665809768637532,0.30000000000000004
233,0.1,0.8372535281753578,0.835,0.842857142857143,0.4
234,0.1,0.870633570213192,0.87,0.8693467336683417,0.5
235,0.1,0.8648783905514965,0.865,0.8608247422680413,0.6
236,0.1,0.9599639675708138,0.96,0.9587628865979382,0.7000000000000001
237,0.1,0.8598738864978481,0.86,0.8556701030927835,0.8
238,0.1,0.9646682013812433,0.965,0.9635416666666667,0.9
239,0.1,0.8632269042137924,0.865,0.8524590163934426,1.0
240,0.2,0.9290111099989992,0.9275,0.9290953545232273,0.1
241,0.2,0.9529826844159744,0.9525,0.9518987341772152,0.2
242,0.2,0.846511860674607,0.845,0.848780487804878,0.30000000000000004
243,0.2,0.9628415574016616,0.9625,0.9618320610687022,0.4
244,0.2,0.9411470323290962,0.94,0.9405940594059405,0.5
245,0.2,0.9696727054348915,0.97,0.96875,0.6
246,0.2,0.9543589230307277,0.955,0.9526315789473684,0.7000000000000001
247,0.2,0.8677559803823441,0.8675,0.8651399491094148,0.8
248,0.2,0.9191522370133121,0.9175,0.9197080291970803,0.9
249,0.2,0.9646682013812433,0.965,0.9635416666666667,1.0
250,0.30000000000000004,0.8775898308477631,0.875,0.8820754716981131,0.1
251,0.30000000000000004,0.8750125112601341,0.8725,0.8794326241134752,0.2
252,0.30000000000000004,0.9619407466720048,0.9625,0.9606299212598425,0.30000000000000004
253,0.30000000000000004,0.9569362426183565,0.9575,0.9553805774278216,0.4
254,0.30000000000000004,0.8440846762085877,0.8425,0.8467153284671534,0.5
255,0.30000000000000004,0.9590631568411571,0.96,0.9574468085106383,0.6
256,0.30000000000000004,0.9513311980782704,0.9525,0.9490616621983915,0.7000000000000001
257,0.30000000000000004,0.9000600540486438,0.9,0.8974358974358975,0.8
258,0.30000000000000004,0.9487538784906415,0.95,0.9462365591397849,0.9
259,0.30000000000000004,0.8432088879991992,0.845,0.8306010928961748,1.0
260,0.4,0.936142528275448,0.935,0.9356435643564356,0.1
261,0.4,0.5,0.485,0.6531986531986532,0.2
262,0.4,0.8698828946051447,0.87,0.8659793814432989,0.30000000000000004
263,0.4,0.8760884796316685,0.875,0.8762376237623761,0.4
264,0.4,0.9328145330797718,0.9325,0.9312977099236641,0.5
265,0.4,0.9334400960864778,0.935,0.9293478260869564,0.6
266,0.4,0.8276198578720848,0.8325,0.7938461538461538,0.7000000000000001
267,0.4,0.9493544189770795,0.95,0.9473684210526316,0.8
268,0.4,0.8589980982884596,0.8625,0.8396501457725949,0.9
269,0.4,0.8975077569812832,0.9,0.8876404494382022,1.0
270,0.5,0.8116054449004102,0.8075,0.8269662921348314,0.1
271,0.5,0.9582874587128416,0.9575,0.9573934837092734,0.2
272,0.5,0.9434240816735062,0.9425,0.942643391521197,0.30000000000000004
273,0.5,0.8610749674707235,0.86,0.8613861386138614,0.4
274,0.5,0.8415073566209588,0.84,0.8439024390243903,0.5
275,0.5,0.9313131818636773,0.9325,0.9276139410187668,0.6
276,0.5,0.9539085176658992,0.955,0.9518716577540107,0.7000000000000001
277,0.5,0.9434491041937744,0.945,0.9402173913043478,0.8
278,0.5,0.7704433990591533,0.775,0.7272727272727274,0.9
279,0.5,0.8867480732659393,0.89,0.8728323699421966,1.0
280,0.6000000000000001,0.8443849464518066,0.8425,0.8481927710843373,0.1
281,0.6000000000000001,0.8979331398258433,0.8975,0.8962025316455695,0.2
282,0.6000000000000001,0.8902011810629566,0.89,0.8877551020408163,0.30000000000000004
283,0.6000000000000001,0.8586728055249725,0.86,0.8494623655913978,0.4
284,0.6000000000000001,0.9088679811830648,0.91,0.9037433155080213,0.5
285,0.6000000000000001,0.8944800320288259,0.8975,0.8825214899713466,0.6
286,0.6000000000000001,0.8021469322390151,0.8075,0.7586206896551725,0.7000000000000001
287,0.6000000000000001,0.8279201281153039,0.8325,0.7963525835866261,0.8
288,0.6000000000000001,0.8045741167050345,0.81,0.7610062893081762,0.9
289,0.6000000000000001,0.7942648383545191,0.8,0.7452229299363057,1.0
290,0.7000000000000001,0.8568211390251225,0.855,0.8599033816425121,0.1
291,0.7000000000000001,0.8606245621058952,0.86,0.8592964824120602,0.2
292,0.7000000000000001,0.9158492643379041,0.9175,0.9100817438692097,0.30000000000000004
293,0.7000000000000001,0.9162996697027325,0.9175,0.9115281501340482,0.4
294,0.7000000000000001,0.88474627164448,0.885,0.8808290155440415,0.5
295,0.7000000000000001,0.8976578921028926,0.9,0.8882681564245809,0.6
296,0.7000000000000001,0.8662796516865179,0.87,0.8470588235294118,0.7000000000000001
297,0.7000000000000001,0.8533930537483736,0.8575,0.8298507462686567,0.8
298,0.7000000000000001,0.8067010309278351,0.8125,0.7603833865814696,0.9
299,0.7000000000000001,0.6082474226804124,0.62,0.3559322033898305,1.0
300,0.8,0.5,0.485,0.6531986531986532,0.1
301,0.8,0.8091782604343909,0.805,0.8251121076233184,0.2
302,0.8,0.919777800020018,0.92,0.917098445595855,0.30000000000000004
303,0.8,0.8306225603042738,0.8325,0.8164383561643835,0.4
304,0.8,0.8425833249924932,0.8425,0.8388746803069055,0.5
305,0.8,0.7713442097888099,0.775,0.736842105263158,0.6
306,0.8,0.8183615253728356,0.8225,0.7880597014925373,0.7000000000000001
307,0.8,0.5,0.515,0.0,0.8
308,0.8,0.7114903413071765,0.72,0.5971223021582733,0.9
309,0.8,0.7408918026223601,0.7475,0.6666666666666667,1.0
310,0.9,0.8316234611150036,0.8275,0.8449438202247191,0.1
311,0.9,0.5,0.485,0.6531986531986532,0.2
312,0.9,0.8034981483335001,0.8075,0.771513353115727,0.30000000000000004
313,0.9,0.8203383044740266,0.825,0.7865853658536585,0.4
314,0.9,0.7524021619457513,0.7575,0.6996904024767803,0.5
315,0.9,0.7939645681113002,0.8,0.7419354838709677,0.6
316,0.9,0.6237113402061856,0.635,0.39669421487603307,0.7000000000000001
317,0.9,0.5,0.515,0.0,0.8
318,0.9,0.5,0.515,0.0,0.9
319,0.9,0.5180412371134021,0.5325,0.06965174129353233,1.0
320,1.0,0.5,0.515,0.0,0.1
321,1.0,0.5,0.515,0.0,0.2
322,1.0,0.5,0.515,0.0,0.30000000000000004
323,1.0,0.5,0.515,0.0,0.4
324,1.0,0.5,0.515,0.0,0.5
325,1.0,0.5,0.515,0.0,0.6
326,1.0,0.5,0.515,0.0,0.7000000000000001
327,1.0,0.5,0.515,0.0,0.8
328,1.0,0.5,0.515,0.0,0.9
329,1.0,0.5,0.515,0.0,1.0
330,0.0,0.9628415574016616,0.9625,0.9618320610687022,0.1
331,0.0,0.948278450605545,0.9475,0.9473684210526315,0.2
332,0.0,0.936142528275448,0.935,0.9356435643564356,0.30000000000000004
333,0.0,0.9044389950955861,0.9025,0.9060240963855422,0.4
334,0.0,0.9648183365028526,0.965,0.9637305699481865,0.5
335,0.0,0.9675457912120909,0.9675,0.9665809768637532,0.6
336,0.0,0.8745871284155741,0.875,0.8697916666666667,0.7000000000000001
337,0.0,0.9649684716244621,0.965,0.9639175257731959,0.8
338,0.0,0.9648183365028526,0.965,0.9637305699481865,0.9
339,0.0,0.9593634270843759,0.96,0.9578947368421052,1.0
340,0.1,0.9314382944650187,0.93,0.9313725490196078,0.1
341,0.1,0.5,0.485,0.6531986531986532,0.2
342,0.1,0.9601141026924233,0.96,0.958974358974359,0.30000000000000004
343,0.1,0.8466619957962165,0.845,0.8495145631067961,0.4
344,0.1,0.9529826844159744,0.9525,0.9518987341772152,0.5
345,0.1,0.9581373235912322,0.9575,0.9571788413098236,0.6
346,0.1,0.952832549294365,0.9525,0.9516539440203563,0.7000000000000001
347,0.1,0.8588229406465819,0.86,0.8502673796791443,0.8
348,0.1,0.8597237513762387,0.86,0.854922279792746,0.9
349,0.1,0.8724602141927735,0.8725,0.8688946015424164,1.0
350,0.2,0.8561955760184166,0.8525,0.8656036446469247,0.1
351,0.2,0.5,0.485,0.6531986531986532,0.2
352,0.2,0.9406966269642679,0.94,0.9396984924623115,0.30000000000000004
353,0.2,0.9652687418676811,0.965,0.9642857142857142,0.4
354,0.2,0.9581373235912322,0.9575,0.9571788413098236,0.5
355,0.2,0.8704834350915824,0.87,0.8686868686868687,0.6
356,0.2,0.846511860674607,0.845,0.848780487804878,0.7000000000000001
357,0.2,0.846511860674607,0.845,0.848780487804878,0.8
358,0.2,0.8572965669102193,0.8575,0.8527131782945736,0.9
359,0.2,0.9623911520368332,0.9625,0.9612403100775193,1.0
360,0.30000000000000004,0.5,0.485,0.6531986531986532,0.1
361,0.30000000000000004,0.9065659093183867,0.905,0.9073170731707317,0.2
362,0.30000000000000004,0.8375537984185768,0.835,0.8443396226415094,0.30000000000000004
363,0.30000000000000004,0.8903513161845661,0.89,0.8883248730964467,0.4
364,0.30000000000000004,0.9542087879091182,0.955,0.9523809523809524,0.5
365,0.30000000000000004,0.9617906115503954,0.9625,0.9604221635883905,0.6
366,0.30000000000000004,0.8771894705234712,0.88,0.8636363636363636,0.7000000000000001
367,0.30000000000000004,0.8720348313482134,0.875,0.8571428571428571,0.8
368,0.30000000000000004,0.9024872385146633,0.9025,0.8997429305912596,0.9
369,0.30000000000000004,0.9511810629566609,0.9525,0.9487870619946092,1.0
370,0.4,0.8404313882494245,0.8375,0.8484848484848485,0.1
371,0.4,0.915523971574417,0.915,0.914141414141414,0.2
372,0.4,0.8745871284155741,0.875,0.8697916666666667,0.30000000000000004
373,0.4,0.8792913622260035,0.88,0.8736842105263158,0.4
374,0.4,0.9299369432489241,0.93,0.9278350515463918,0.5
375,0.4,0.9464768291462315,0.9475,0.944,0.6
376,0.4,0.9363176859173256,0.9375,0.9329758713136729,0.7000000000000001
377,0.4,0.9073666299669703,0.91,0.8983050847457628,0.8
378,0.4,0.9358672805524972,0.9375,0.9318801089918257,0.9
379,0.4,0.9152487238514664,0.9175,0.9080779944289693,1.0
380,0.5,0.9567861074967471,0.9575,0.9551451187335093,0.1
381,0.5,0.5,0.485,0.6531986531986532,0.2
382,0.5,0.8416574917425682,0.84,0.8446601941747572,0.30000000000000004
383,0.5,0.9593634270843759,0.96,0.9578947368421052,0.4
384,0.5,0.9478280452407167,0.9475,0.9465648854961832,0.5
385,0.5,0.9543589230307277,0.955,0.9526315789473684,0.6
386,0.5,0.9434491041937744,0.945,0.9402173913043478,0.7000000000000001
387,0.5,0.9357171454308878,0.9375,0.9315068493150686,0.8
388,0.5,0.7531778600740666,0.76,0.68,0.9
389,0.5,0.8509658692823542,0.855,0.8273809523809524,1.0
390,0.6000000000000001,0.8645530977880093,0.8625,0.8681055155875299,0.1
391,0.6000000000000001,0.8592483234911419,0.8575,0.8619854721549636,0.2
392,0.6000000000000001,0.9091682514262837,0.91,0.9047619047619048,0.30000000000000004
393,0.6000000000000001,0.9287358622760484,0.93,0.9247311827956988,0.4
394,0.6000000000000001,0.9234310879791813,0.925,0.9184782608695653,0.5
395,0.6000000000000001,0.5,0.515,0.0,0.6
396,0.6000000000000001,0.873861475327795,0.8775,0.8563049853372434,0.7000000000000001
397,0.6000000000000001,0.788960064057652,0.795,0.7354838709677419,0.8
398,0.6000000000000001,0.7995696126513863,0.805,0.7547169811320755,0.9
399,0.6000000000000001,0.8176108497647883,0.8225,0.7815384615384616,1.0
400,0.7000000000000001,0.8440846762085877,0.8425,0.8467153284671534,0.1
401,0.7000000000000001,0.8701831648483636,0.87,0.8673469387755102,0.2
402,0.7000000000000001,0.9156991292162947,0.9175,0.9095890410958903,0.30000000000000004
403,0.7000000000000001,0.9026623961565409,0.905,0.8938547486033519,0.4
404,0.7000000000000001,0.8648783905514965,0.865,0.8608247422680413,0.5
405,0.7000000000000001,0.8690071063957562,0.8725,0.8513119533527697,0.6
406,0.7000000000000001,0.8640026023421079,0.8675,0.8454810495626822,0.7000000000000001
407,0.7000000000000001,0.7402912621359223,0.7475,0.6576271186440678,0.8
408,0.7000000000000001,0.6881443298969072,0.6975,0.5468164794007491,0.9
409,0.7000000000000001,0.6496346712040837,0.66,0.4645669291338582,1.0
410,0.8,0.8067510759683715,0.8025,0.8232662192393736,0.1
411,0.8,0.8375537984185768,0.835,0.8443396226415094,0.2
412,0.8,0.9211540386347713,0.9225,0.9164420485175202,0.30000000000000004
413,0.8,0.9291862676408768,0.93,0.9259259259259259,0.4
414,0.8,0.900385346812131,0.9025,0.8919667590027701,0.5
415,0.8,0.7659143228906015,0.7725,0.6996699669966997,0.6
416,0.8,0.7666649984986488,0.7725,0.7092651757188498,0.7000000000000001
417,0.8,0.7039085176658993,0.7125,0.5848375451263539,0.8
418,0.8,0.5369832849564609,0.55,0.1818181818181818,0.9
419,0.8,0.5,0.515,0.0,1.0
420,0.9,0.7906615954358923,0.785,0.815450643776824,0.1
421,0.9,0.9601141026924233,0.96,0.958974358974359,0.2
422,0.9,0.7479981983785408,0.7525,0.7009063444108761,0.30000000000000004
423,0.9,0.6976028425583025,0.6975,0.6921119592875318,0.4
424,0.9,0.7492243018716845,0.755,0.6878980891719745,0.5
425,0.9,0.8442598338504654,0.845,0.8368421052631579,0.6
426,0.9,0.6778100290261235,0.685,0.5743243243243245,0.7000000000000001
427,0.9,0.5103092783505154,0.525,0.04040404040404041,0.8
428,0.9,0.5,0.515,0.0,0.9
429,0.9,0.5,0.515,0.0,1.0
430,1.0,0.5,0.515,0.0,0.1
431,1.0,0.5,0.515,0.0,0.2
432,1.0,0.5,0.515,0.0,0.30000000000000004
433,1.0,0.5,0.515,0.0,0.4
434,1.0,0.5,0.515,0.0,0.5
435,1.0,0.5,0.515,0.0,0.6
436,1.0,0.5,0.515,0.0,0.7000000000000001
437,1.0,0.5,0.515,0.0,0.8
438,1.0,0.5,0.515,0.0,0.9
439,1.0,0.5,0.515,0.0,1.0
440,0.0,0.8352767490741668,0.8325,0.8430913348946135,0.1
441,0.0,0.9435742167951157,0.9425,0.9429280397022332,0.2
442,0.0,0.834676208587729,0.8325,0.8400954653937948,0.30000000000000004
443,0.0,0.9566359723751376,0.9575,0.9549071618037135,0.4
444,0.0,0.9622410169152238,0.9625,0.961038961038961,0.5
445,0.0,0.860174156741067,0.86,0.8571428571428571,0.6
446,0.0,0.9628415574016616,0.9625,0.9618320610687022,0.7000000000000001
447,0.0,0.8829196276648984,0.8825,0.8810126582278481,0.8
448,0.0,0.9601141026924233,0.96,0.958974358974359,0.9
449,0.0,0.9648183365028526,0.965,0.9637305699481865,1.0
450,0.1,0.8584726253628265,0.855,0.8669724770642201,0.1
451,0.1,0.9649684716244621,0.965,0.9639175257731959,0.2
452,0.1,0.8676058452607347,0.8675,0.8644501278772379,0.30000000000000004
453,0.1,0.8735111600440395,0.8725,0.8734491315136477,0.4
454,0.1,0.9673956560904815,0.9675,0.9664082687338501,0.5
455,0.1,0.8676058452607347,0.8675,0.8644501278772379,0.6
456,0.1,0.9649684716244621,0.965,0.9639175257731959,0.7000000000000001
457,0.1,0.9651186067460715,0.965,0.964102564102564,0.8
458,0.1,0.9673956560904815,0.9675,0.9664082687338501,0.9
459,0.1,0.9672455209688721,0.9675,0.9662337662337662,1.0
460,0.2,0.9579871884696227,0.9575,0.9569620253164558,0.1
461,0.2,0.9265839255329797,0.925,0.926829268292683,0.2
462,0.2,0.9625412871584427,0.9625,0.9614395886889461,0.30000000000000004
463,0.2,0.9484285857271545,0.9475,0.9476309226932669,0.4
464,0.2,0.8857972174957461,0.885,0.885,0.5
465,0.2,0.950555499949955,0.95,0.9494949494949495,0.6
466,0.2,0.9602642378140327,0.96,0.9591836734693878,0.7000000000000001
467,0.2,0.8702081873686317,0.8725,0.8579387186629525,0.8
468,0.2,0.9698228405565009,0.97,0.9689119170984456,0.9
469,0.2,0.9281353217896107,0.93,0.9230769230769231,1.0
470,0.30000000000000004,0.8483134821339205,0.845,0.8571428571428571,0.1
471,0.30000000000000004,0.8593984586127514,0.8575,0.8626506024096385,0.2
472,0.30000000000000004,0.9358422580322292,0.935,0.935,0.30000000000000004
473,0.30000000000000004,0.9595135622059854,0.96,0.9581151832460733,0.4
474,0.30000000000000004,0.9413221899709738,0.9425,0.938337801608579,0.5
475,0.30000000000000004,0.9569362426183565,0.9575,0.9553805774278216,0.6
476,0.30000000000000004,0.8623010709638677,0.8625,0.8578811369509043,0.7000000000000001
477,0.30000000000000004,0.9593634270843759,0.96,0.9578947368421052,0.8
478,0.30000000000000004,0.8459363427084375,0.8475,0.8346883468834688,0.9
479,0.30000000000000004,0.8671804624161745,0.87,0.8522727272727272,1.0
480,0.4,0.9520818736863178,0.9525,0.950391644908616,0.1
481,0.4,0.9372184966469823,0.9375,0.935064935064935,0.2
482,0.4,0.872910619557602,0.8725,0.870886075949367,0.30000000000000004
483,0.4,0.9425232709438495,0.9425,0.9408740359897172,0.4
484,0.4,0.8779151236112502,0.8775,0.8759493670886076,0.5
485,0.4,0.9181263136823141,0.92,0.9120879120879121,0.6
486,0.4,0.9126714042638375,0.915,0.9050279329608938,0.7000000000000001
487,0.4,0.9517816034430988,0.9525,0.949868073878628,0.8
488,0.4,0.9284355920328295,0.93,0.9239130434782609,0.9
489,0.4,0.9360174156741067,0.9375,0.9322493224932249,1.0
490,0.5,0.8116054449004102,0.8075,0.8269662921348314,0.1
491,0.5,0.9083925532979682,0.9075,0.9077306733167082,0.2
492,0.5,0.8469622660394354,0.845,0.8509615384615384,0.30000000000000004
493,0.5,0.9675457912120909,0.9675,0.9665809768637532,0.4
494,0.5,0.878215393854469,0.8775,0.8771929824561404,0.5
495,0.5,0.846511860674607,0.845,0.848780487804878,0.6
496,0.5,0.9176759083174858,0.92,0.9106145251396648,0.7000000000000001
497,0.5,0.930862776498849,0.9325,0.9264305177111716,0.8
498,0.5,0.9382944650185167,0.94,0.9344262295081966,0.9
499,0.5,0.8300470423381042,0.835,0.7962962962962964,1.0
500,0.6000000000000001,0.8404313882494245,0.8375,0.8484848484848485,0.1
501,0.6000000000000001,0.9363176859173256,0.9375,0.9329758713136729,0.2
502,0.6000000000000001,0.8610749674707235,0.86,0.8613861386138614,0.30000000000000004
503,0.6000000000000001,0.9179761785607047,0.92,0.9116022099447513,0.4
504,0.6000000000000001,0.9156991292162947,0.9175,0.9095890410958903,0.5
505,0.6000000000000001,0.8923531178060254,0.895,0.8813559322033899,0.6
506,0.6000000000000001,0.8533930537483736,0.8575,0.8298507462686567,0.7000000000000001
507,0.6000000000000001,0.8147332599339405,0.82,0.7749999999999998,0.8
508,0.6000000000000001,0.7995696126513863,0.805,0.7547169811320755,0.9
509,0.6000000000000001,0.8224652186968271,0.8275,0.7863777089783283,1.0
510,0.7000000000000001,0.5,0.485,0.6531986531986532,0.1
511,0.7000000000000001,0.9545090581523371,0.955,0.9528795811518325,0.2
512,0.7000000000000001,0.8679061155039536,0.8675,0.8658227848101266,0.30000000000000004
513,0.7000000000000001,0.8871984786307676,0.89,0.875,0.4
514,0.7000000000000001,0.8648783905514965,0.865,0.8608247422680413,0.5
515,0.7000000000000001,0.8667300570513462,0.87,0.8497109826589595,0.6
516,0.7000000000000001,0.8955309778800922,0.8975,0.8870523415977962,0.7000000000000001
517,0.7000000000000001,0.7139175257731959,0.7225,0.5992779783393501,0.8
518,0.7000000000000001,0.6778350515463918,0.6875,0.5247148288973384,0.9
519,0.7000000000000001,0.7087628865979382,0.7175,0.5890909090909091,1.0
520,0.8,0.8111550395355821,0.8075,0.8246013667425968,0.1
521,0.8,0.8091782604343909,0.805,0.8251121076233184,0.2
522,0.8,0.911895706135522,0.9125,0.9081364829396326,0.30000000000000004
523,0.8,0.846511860674607,0.845,0.848780487804878,0.4
524,0.8,0.8577719947953159,0.86,0.8444444444444443,0.5
525,0.8,0.838204383945551,0.84,0.825136612021858,0.6
526,0.8,0.7901611450305275,0.795,0.7484662576687117,0.7000000000000001
527,0.8,0.7475728155339806,0.755,0.6643835616438356,0.8
528,0.8,0.5906565909318386,0.6025,0.3234042553191489,0.9
529,0.8,0.5,0.515,0.0,1.0
530,0.9,0.7498498648783906,0.7425,0.7893660531697341,0.1
531,0.9,0.8024972475227705,0.7975,0.8227571115973742,0.2
532,0.9,0.9050395355820238,0.9025,0.9078014184397163,0.30000000000000004
533,0.9,0.8069762786507858,0.81,0.7828571428571428,0.4
534,0.9,0.7502752477229507,0.755,0.701219512195122,0.5
535,0.9,0.724927434691222,0.7275,0.6946778711484594,0.6
536,0.9,0.736938244419978,0.7425,0.6750788643533123,0.7000000000000001
537,0.9,0.5,0.515,0.0,0.8
538,0.9,0.5066559903913522,0.52,0.1111111111111111,0.9
539,0.9,0.5,0.515,0.0,1.0
540,1.0,0.5,0.515,0.0,0.1
541,1.0,0.5,0.515,0.0,0.2
542,1.0,0.5,0.515,0.0,0.30000000000000004
543,1.0,0.5,0.515,0.0,0.4
544,1.0,0.5,0.515,0.0,0.5
545,1.0,0.5,0.515,0.0,0.6
546,1.0,0.5,0.515,0.0,0.7000000000000001
547,1.0,0.5,0.515,0.0,0.8
548,1.0,0.5,0.515,0.0,0.9
549,1.0,0.5,0.515,0.0,1.0
550,0.0,0.5,0.485,0.6531986531986532,0.1
551,0.0,0.9362926633970574,0.935,0.9359605911330049,0.2
552,0.0,0.9578370533480133,0.9575,0.9567430025445293,0.30000000000000004
553,0.0,0.9652687418676811,0.965,0.9642857142857142,0.4
554,0.0,0.8673055750175158,0.8675,0.8630490956072352,0.5
555,0.0,0.9724001601441298,0.9725,0.9715762273901809,0.6
556,0.0,0.9481283154839356,0.9475,0.947103274559194,0.7000000000000001
557,0.0,0.9699729756781104,0.97,0.9690721649484536,0.8
558,0.0,0.9572365128615754,0.9575,0.9558441558441559,0.9
559,0.0,0.9623911520368332,0.9625,0.9612403100775193,1.0
560,0.1,0.8469622660394354,0.845,0.8509615384615384,0.1
561,0.1,0.8827444700230207,0.88,0.8873239436619719,0.2
562,0.1,0.9673956560904815,0.9675,0.9664082687338501,0.30000000000000004
563,0.1,0.9675457912120909,0.9675,0.9665809768637532,0.4
564,0.1,0.872610349314383,0.8725,0.8695652173913043,0.5
565,0.1,0.9626914222800521,0.9625,0.9616368286445013,0.6
566,0.1,0.9645180662596337,0.965,0.963350785340314,0.7000000000000001
567,0.1,0.9605645080572516,0.96,0.9595959595959594,0.8
568,0.1,0.9701231107997198,0.97,0.9692307692307692,0.9
569,0.1,0.8535181663497148,0.855,0.8432432432432433,1.0
570,0.2,0.5,0.485,0.6531986531986532,0.1
571,0.2,0.9605645080572516,0.96,0.9595959595959594,0.2
572,0.2,0.9649684716244621,0.965,0.9639175257731959,0.30000000000000004
573,0.2,0.9332899609648684,0.935,0.9289617486338797,0.4
574,0.2,0.9604143729356421,0.96,0.9593908629441624,0.5
575,0.2,0.9481283154839356,0.9475,0.947103274559194,0.6
576,0.2,0.860174156741067,0.86,0.8571428571428571,0.7000000000000001
577,0.2,0.9625412871584427,0.9625,0.9614395886889461,0.8
578,0.2,0.9649684716244621,0.965,0.9639175257731959,0.9
579,0.2,0.9646682013812433,0.965,0.9635416666666667,1.0
580,0.30000000000000004,0.5,0.485,0.6531986531986532,0.1
581,0.30000000000000004,0.9372184966469823,0.9375,0.935064935064935,0.2
582,0.30000000000000004,0.9625412871584427,0.9625,0.9614395886889461,0.30000000000000004
583,0.30000000000000004,0.9672455209688721,0.9675,0.9662337662337662,0.4
584,0.30000000000000004,0.9564858372535282,0.9575,0.9546666666666667,0.5
585,0.30000000000000004,0.8688319487538786,0.87,0.8609625668449198,0.6
586,0.30000000000000004,0.856846161545391,0.8575,0.8503937007874015,0.7000000000000001
587,0.30000000000000004,0.8391051946752077,0.84,0.8306878306878306,0.8
588,0.30000000000000004,0.9278100290261235,0.9275,0.9262086513994912,0.9
589,0.30000000000000004,0.9540586527875089,0.955,0.9521276595744681,1.0
590,0.4,0.9455509958963068,0.945,0.9444444444444444,0.1
591,0.4,0.94920428385547,0.95,0.9470899470899472,0.2
592,0.4,0.9595135622059854,0.96,0.9581151832460733,0.30000000000000004
593,0.4,0.9384446001401261,0.94,0.9347826086956522,0.4
594,0.4,0.8694324892403164,0.87,0.8638743455497381,0.5
595,0.4,0.9112951656490842,0.9125,0.906166219839142,0.6
596,0.4,0.9255580022019818,0.9275,0.9201101928374656,0.7000000000000001
597,0.4,0.9346411770593535,0.935,0.9322916666666667,0.8
598,0.4,0.941021919727755,0.9425,0.937669376693767,0.9
599,0.4,0.8483885496947253,0.8525,0.8238805970149253,1.0
600,0.5,0.9623911520368332,0.9625,0.9612403100775193,0.1
601,0.5,0.5,0.485,0.6531986531986532,0.2
602,0.5,0.8440846762085877,0.8425,0.8467153284671534,0.30000000000000004
603,0.5,0.8609248323491141,0.86,0.8606965174129353,0.4
604,0.5,0.9675457912120909,0.9675,0.9665809768637532,0.5
605,0.5,0.8560704634170753,0.855,0.8564356435643564,0.6
606,0.5,0.9513311980782704,0.9525,0.9490616621983915,0.7000000000000001
607,0.5,0.858522670403363,0.86,0.8486486486486488,0.8
608,0.5,0.9305625062556301,0.9325,0.9256198347107438,0.9
609,0.5,0.8841707536783104,0.8875,0.8695652173913043,1.0
610,0.6000000000000001,0.8745621058953057,0.8725,0.8776978417266186,0.1
611,0.6000000000000001,0.8859473526173556,0.885,0.8855721393034824,0.2
612,0.6000000000000001,0.9234310879791813,0.925,0.9184782608695653,0.30000000000000004
613,0.6000000000000001,0.8709338404564108,0.87,0.8706467661691542,0.4
614,0.6000000000000001,0.8946301671504354,0.8975,0.8831908831908832,0.5
615,0.6000000000000001,0.8533680312281053,0.855,0.8423913043478262,0.6
616,0.6000000000000001,0.8329246321689521,0.8375,0.8024316109422492,0.7000000000000001
617,0.6000000000000001,0.8508157341607447,0.855,0.8263473053892215,0.8
618,0.6000000000000001,0.8327744970473426,0.8375,0.8012232415902141,0.9
619,0.6000000000000001,0.7268041237113402,0.735,0.624113475177305,1.0
620,0.7000000000000001,0.8490891802622359,0.8475,0.851581508515815,0.1
621,0.7000000000000001,0.8927785006505855,0.8925,0.8905852417302799,0.2
622,0.7000000000000001,0.9210039035131619,0.9225,0.9159891598915989,0.30000000000000004
623,0.7000000000000001,0.9103943549194276,0.9125,0.9030470914127425,0.4
624,0.7000000000000001,0.8651786607947153,0.865,0.8622448979591837,0.5
625,0.7000000000000001,0.8873486137523772,0.89,0.8757062146892656,0.6
626,0.7000000000000001,0.9079671704534081,0.91,0.9005524861878453,0.7000000000000001
627,0.7000000000000001,0.900085076568912,0.9025,0.8907563025210085,0.8
628,0.7000000000000001,0.7371134020618557,0.745,0.6433566433566433,0.9
629,0.7000000000000001,0.7609098188369532,0.7675,0.693069306930693,1.0
630,0.8,0.84576118506656,0.845,0.8450000000000001,0.1
631,0.8,0.932213992593334,0.9325,0.92987012987013,0.2
632,0.8,0.8463617255529977,0.845,0.8480392156862745,0.30000000000000004
633,0.8,0.9068912020818737,0.9075,0.9028871391076114,0.4
634,0.8,0.889925933340006,0.8925,0.8788732394366198,0.5
635,0.8,0.8566960264237815,0.8575,0.8496042216358839,0.6
636,0.8,0.863702332098889,0.8675,0.8436578171091446,0.7000000000000001
637,0.8,0.7795515964367932,0.785,0.7295597484276729,0.8
638,0.8,0.7475728155339806,0.755,0.6643835616438356,0.9
639,0.8,0.6240116104494045,0.635,0.40650406504065034,1.0
640,0.9,0.8343509158242418,0.83,0.8482142857142857,0.1
641,0.9,0.7855069562606346,0.78,0.8103448275862069,0.2
642,0.9,0.9604143729356421,0.96,0.9593908629441624,0.30000000000000004
643,0.9,0.7260034030627566,0.73,0.680473372781065,0.4
644,0.9,0.7584826343709338,0.765,0.6907894736842106,0.5
645,0.9,0.807001301171054,0.8125,0.7634069400630914,0.6
646,0.9,0.747097387648884,0.7525,0.689655172413793,0.7000000000000001
647,0.9,0.5955109598638775,0.6075,0.3261802575107296,0.8
648,0.9,0.5,0.515,0.0,0.9
649,0.9,0.5,0.515,0.0,1.0
650,1.0,0.5,0.515,0.0,0.1
651,1.0,0.5,0.515,0.0,0.2
652,1.0,0.5,0.515,0.0,0.30000000000000004
653,1.0,0.5,0.515,0.0,0.4
654,1.0,0.5,0.515,0.0,0.5
655,1.0,0.5,0.515,0.0,0.6
656,1.0,0.5,0.515,0.0,0.7000000000000001
657,1.0,0.5,0.515,0.0,0.8
658,1.0,0.5,0.515,0.0,0.9
659,1.0,0.5,0.515,0.0,1.0
660,0.0,0.9460014012611351,0.945,0.9452736318407959,0.1
661,0.0,0.9579871884696227,0.9575,0.9569620253164558,0.2
662,0.0,0.9648183365028526,0.965,0.9637305699481865,0.30000000000000004
663,0.0,0.9651186067460715,0.965,0.964102564102564,0.4
664,0.0,0.8489390451406266,0.8475,0.8508557457212714,0.5
665,0.0,0.8724602141927735,0.8725,0.8688946015424164,0.6
666,0.0,0.936142528275448,0.935,0.9356435643564356,0.7000000000000001
667,0.0,0.9479781803623262,0.9475,0.9468354430379746,0.8
668,0.0,0.9545090581523371,0.955,0.9528795811518325,0.9
669,0.0,0.8569962966670005,0.8575,0.8511749347258486,1.0
670,0.1,0.9484285857271545,0.9475,0.9476309226932669,0.1
671,0.1,0.9557101391252127,0.955,0.9547738693467337,0.2
672,0.1,0.9628415574016616,0.9625,0.9618320610687022,0.30000000000000004
673,0.1,0.9628415574016616,0.9625,0.9618320610687022,0.4
674,0.1,0.9724001601441298,0.9725,0.9715762273901809,0.5
675,0.1,0.9546591932739465,0.955,0.953125,0.6
676,0.1,0.8569962966670005,0.8575,0.8511749347258486,0.7000000000000001
677,0.1,0.9623911520368332,0.9625,0.9612403100775193,0.8
678,0.1,0.8697327594835352,0.87,0.8652849740932643,0.9
679,0.1,0.8592733460114105,0.86,0.8526315789473684,1.0
680,0.2,0.8024972475227705,0.7975,0.8227571115973742,0.1
681,0.2,0.8399809828845961,0.8375,0.8463356973995273,0.2
682,0.2,0.8492393153838453,0.8475,0.8523002421307506,0.30000000000000004
683,0.2,0.9529826844159744,0.9525,0.9518987341772152,0.4
684,0.2,0.9648183365028526,0.965,0.9637305699481865,0.5
685,0.2,0.9411470323290962,0.94,0.9405940594059405,0.6
686,0.2,0.9675457912120909,0.9675,0.9665809768637532,0.7000000000000001
687,0.2,0.9672455209688721,0.9675,0.9662337662337662,0.8
688,0.2,0.955109598638775,0.955,0.9538461538461539,0.9
689,0.2,0.860799719747773,0.8625,0.8501362397820164,1.0
690,0.30000000000000004,0.9625412871584427,0.9625,0.9614395886889461,0.1
691,0.30000000000000004,0.8398308477629867,0.8375,0.845605700712589,0.2
692,0.30000000000000004,0.9699729756781104,0.97,0.9690721649484536,0.30000000000000004
693,0.30000000000000004,0.8580472425182664,0.8575,0.8564231738035264,0.4
694,0.30000000000000004,0.9619407466720048,0.9625,0.9606299212598425,0.5
695,0.30000000000000004,0.9592132919627665,0.96,0.9576719576719577,0.6
696,0.30000000000000004,0.9513311980782704,0.9525,0.9490616621983915,0.7000000000000001
697,0.30000000000000004,0.9643679311380242,0.965,0.9631578947368421,0.8
698,0.30000000000000004,0.9303873486137525,0.93,0.9289340101522843,0.9
699,0.30000000000000004,0.8559453508157342,0.8575,0.8455284552845529,1.0
700,0.4,0.9525322790511461,0.9525,0.9511568123393317,0.1
701,0.4,0.9520818736863178,0.9525,0.950391644908616,0.2
702,0.4,0.9470773696326694,0.9475,0.9451697127937336,0.30000000000000004
703,0.4,0.9181263136823141,0.92,0.9120879120879121,0.4
704,0.4,0.9257081373235913,0.9275,0.9205479452054794,0.5
705,0.4,0.9361675507957162,0.9375,0.9326145552560647,0.6
706,0.4,0.8649034130717645,0.8675,0.8507042253521127,0.7000000000000001
707,0.4,0.922980682614353,0.925,0.9171270718232044,0.8
708,0.4,0.936467821038935,0.9375,0.9333333333333333,0.9
709,0.4,0.8741367230507459,0.875,0.8677248677248677,1.0
710,0.5,0.9358422580322292,0.935,0.935,0.1
711,0.5,0.9601141026924233,0.96,0.958974358974359,0.2
712,0.5,0.9720998899009109,0.9725,0.9712793733681462,0.30000000000000004
713,0.5,0.9526824141727556,0.9525,0.9514066496163682,0.4
714,0.5,0.9204033630267241,0.9225,0.9141274238227147,0.5
715,0.5,0.9047893103793414,0.9075,0.895184135977337,0.6
716,0.5,0.9487538784906415,0.95,0.9462365591397849,0.7000000000000001
717,0.5,0.9150985887298569,0.9175,0.907563025210084,0.8
718,0.5,0.8225903312981684,0.825,0.8044692737430169,0.9
719,0.5,0.9073666299669703,0.91,0.8983050847457628,1.0
720,0.6000000000000001,0.890951856671004,0.89,0.8905472636815921,0.1
721,0.6000000000000001,0.8351266139525574,0.8325,0.8423529411764706,0.2
722,0.6000000000000001,0.857897107396657,0.8575,0.8556962025316456,0.30000000000000004
723,0.6000000000000001,0.8997848063256931,0.9025,0.8895184135977338,0.4
724,0.6000000000000001,0.9052397157441698,0.9075,0.8969359331476323,0.5
725,0.6000000000000001,0.8180612551296166,0.8225,0.7854984894259819,0.6
726,0.6000000000000001,0.8071514362926634,0.8125,0.7648902821316614,0.7000000000000001
727,0.6000000000000001,0.8176108497647883,0.8225,0.7815384615384616,0.8
728,0.6000000000000001,0.7812281052947653,0.7875,0.7231270358306189,0.9
729,0.6000000000000001,0.7707686918226403,0.7775,0.7043189368770764,1.0
730,0.7000000000000001,0.9223551196076468,0.9225,0.9198966408268733,0.1
731,0.7000000000000001,0.8345260734661195,0.8325,0.8393285371702638,0.2
732,0.7000000000000001,0.8554699229306375,0.855,0.8535353535353536,0.30000000000000004
733,0.7000000000000001,0.864728255429887,0.865,0.8601036269430052,0.4
734,0.7000000000000001,0.8621509358422581,0.8625,0.8571428571428571,0.5
735,0.7000000000000001,0.8671554398959064,0.8675,0.8623376623376624,0.6
736,0.7000000000000001,0.7918376538884997,0.7975,0.7428571428571429,0.7000000000000001
737,0.7000000000000001,0.5,0.515,0.0,0.8
738,0.7000000000000001,0.7607596837153437,0.7675,0.6910299003322259,0.9
739,0.7000000000000001,0.6314432989690721,0.6425,0.41632653061224495,1.0
740,0.8,0.806600940846762,0.8025,0.8224719101123595,0.1
741,0.8,0.8319487538784907,0.83,0.8365384615384617,0.2
742,0.8,0.9084175758182365,0.91,0.9021739130434783,0.30000000000000004
743,0.8,0.8308978080272245,0.83,0.8308457711442787,0.4
744,0.8,0.8133570213191873,0.8175,0.782089552238806,0.5
745,0.8,0.801821639475528,0.805,0.7758620689655172,0.6
746,0.8,0.7838054248823941,0.79,0.7272727272727272,0.7000000000000001
747,0.8,0.7480232208988089,0.755,0.6711409395973154,0.8
748,0.8,0.5,0.515,0.0,0.9
749,0.8,0.7769742768491643,0.7825,0.7255520504731862,1.0
750,0.9,0.5,0.485,0.6531986531986532,0.1
751,0.9,0.8197878090281252,0.815,0.8370044052863436,0.2
752,0.9,0.8414823341006907,0.8375,0.853273137697517,0.30000000000000004
753,0.9,0.83622760484436,0.8375,0.8257372654155496,0.4
754,0.9,0.7542288059253328,0.76,0.6942675159235667,0.5
755,0.9,0.781503353017716,0.785,0.75,0.6
756,0.9,0.6539885897307577,0.66,0.5641025641025641,0.7000000000000001
757,0.9,0.5,0.515,0.0,0.8
758,0.9,0.5,0.515,0.0,0.9
759,0.9,0.5,0.515,0.0,1.0
760,1.0,0.5,0.515,0.0,0.1
761,1.0,0.5,0.515,0.0,0.2
762,1.0,0.5,0.515,0.0,0.30000000000000004
763,1.0,0.5,0.515,0.0,0.4
764,1.0,0.5,0.515,0.0,0.5
765,1.0,0.5,0.515,0.0,0.6
766,1.0,0.5,0.515,0.0,0.7000000000000001
767,1.0,0.5,0.515,0.0,0.8
768,1.0,0.5,0.515,0.0,0.9
769,1.0,0.5,0.515,0.0,1.0
770,0.0,0.5,0.485,0.6531986531986532,0.1
771,0.0,0.9484285857271545,0.9475,0.9476309226932669,0.2
772,0.0,0.9532829546591933,0.9525,0.9523809523809524,0.30000000000000004
773,0.0,0.8493894505054548,0.8475,0.8530120481927711,0.4
774,0.0,0.8627514763286959,0.8625,0.8600508905852418,0.5
775,0.0,0.957086377739966,0.9575,0.9556135770234987,0.6
776,0.0,0.9507056350715645,0.95,0.949748743718593,0.7000000000000001
777,0.0,0.9646682013812433,0.965,0.9635416666666667,0.8
778,0.0,0.8745871284155741,0.875,0.8697916666666667,0.9
779,0.0,0.8698828946051447,0.87,0.8659793814432989,1.0
780,0.1,0.8540936843158842,0.8525,0.856447688564477,0.1
781,0.1,0.8440846762085877,0.8425,0.8467153284671534,0.2
782,0.1,0.9623911520368332,0.9625,0.9612403100775193,0.30000000000000004
783,0.1,0.9628415574016616,0.9625,0.9618320610687022,0.4
784,0.1,0.846511860674607,0.845,0.848780487804878,0.5
785,0.1,0.9579871884696227,0.9575,0.9569620253164558,0.6
786,0.1,0.8665548994094686,0.8675,0.8594164456233422,0.7000000000000001
787,0.1,0.9672455209688721,0.9675,0.9662337662337662,0.8
788,0.1,0.9626914222800521,0.9625,0.9616368286445013,0.9
789,0.1,0.9749774797317586,0.975,0.9742268041237113,1.0
790,0.2,0.9241567410669604,0.9225,0.924574209245742,0.1
791,0.2,0.8466619957962165,0.845,0.8495145631067961,0.2
792,0.2,0.9579871884696227,0.9575,0.9569620253164558,0.30000000000000004
793,0.2,0.9646682013812433,0.965,0.9635416666666667,0.4
794,0.2,0.8554699229306375,0.855,0.8535353535353536,0.5
795,0.2,0.9554098688819939,0.955,0.9543147208121826,0.6
796,0.2,0.9652687418676811,0.965,0.9642857142857142,0.7000000000000001
797,0.2,0.9532829546591933,0.9525,0.9523809523809524,0.8
798,0.2,0.8694324892403164,0.87,0.8638743455497381,0.9
799,0.2,0.9490541487338604,0.95,0.9468085106382979,1.0
800,0.30000000000000004,0.921429286357722,0.92,0.9215686274509803,0.1
801,0.30000000000000004,0.8375537984185768,0.835,0.8443396226415094,0.2
802,0.30000000000000004,0.8448353518166349,0.8425,0.8503562945368173,0.30000000000000004
803,0.30000000000000004,0.9592132919627665,0.96,0.9576719576719577,0.4
804,0.30000000000000004,0.8648783905514965,0.865,0.8608247422680413,0.5
805,0.30000000000000004,0.9376689020118106,0.9375,0.9360613810741688,0.6
806,0.30000000000000004,0.8440846762085877,0.8425,0.8467153284671534,0.7000000000000001
807,0.30000000000000004,0.8641277149434492,0.865,0.8571428571428571,0.8
808,0.30000000000000004,0.922980682614353,0.925,0.9171270718232044,0.9
809,0.30000000000000004,0.9437493744369932,0.945,0.9408602150537635,1.0
810,0.4,0.938419577619858,0.9375,0.9376558603491272,0.1
811,0.4,0.9502552297067363,0.95,0.9489795918367346,0.2
812,0.4,0.9253828445601041,0.925,0.9238578680203046,0.30000000000000004
813,0.4,0.9323641277149435,0.9325,0.9302325581395349,0.4
814,0.4,0.9310129116204584,0.9325,0.926829268292683,0.5
815,0.4,0.8718596737063358,0.8725,0.8661417322834646,0.6
816,0.4,0.8973576218596737,0.9,0.8870056497175142,0.7000000000000001
817,0.4,0.928585727154439,0.93,0.9243243243243243,0.8
818,0.4,0.8313982584325894,0.835,0.8070175438596491,0.9
819,0.4,0.948904013612251,0.95,0.946524064171123,1.0
820,0.5,0.8875988389550595,0.885,0.8915094339622641,0.1
821,0.5,0.9598138324492044,0.96,0.9585492227979275,0.2
822,0.5,0.8515163647282554,0.85,0.8536585365853658,0.30000000000000004
823,0.5,0.9540586527875089,0.955,0.9521276595744681,0.4
824,0.5,0.948904013612251,0.95,0.946524064171123,0.5
825,0.5,0.9592132919627665,0.96,0.9576719576719577,0.6
826,0.5,0.9270593534180762,0.9275,0.9242819843342036,0.7000000000000001
827,0.5,0.8559453508157342,0.8575,0.8455284552845529,0.8
828,0.5,0.7636372735461916,0.77,0.6993464052287581,0.9
829,0.5,0.9331398258432589,0.935,0.9285714285714286,1.0
830,0.6000000000000001,0.863502151936743,0.8625,0.8635235732009926,0.1
831,0.6000000000000001,0.9416224602141927,0.9425,0.9389920424403184,0.2
832,0.6000000000000001,0.897482734461015,0.8975,0.8946015424164524,0.30000000000000004
833,0.6000000000000001,0.9258582724452007,0.9275,0.9209809264305178,0.4
834,0.6000000000000001,0.9143228906015414,0.915,0.9105263157894736,0.5
835,0.6000000000000001,0.7969922930637574,0.8025,0.7507886435331231,0.6
836,0.6000000000000001,0.884020618556701,0.8875,0.8688046647230322,0.7000000000000001
837,0.6000000000000001,0.8201881693524171,0.825,0.7852760736196319,0.8
838,0.6000000000000001,0.807001301171054,0.8125,0.7634069400630914,0.9
839,0.6000000000000001,0.9047893103793414,0.9075,0.895184135977337,1.0
840,0.7000000000000001,0.846511860674607,0.845,0.848780487804878,0.1
841,0.7000000000000001,0.9091682514262837,0.91,0.9047619047619048,0.2
842,0.7000000000000001,0.8970573516164548,0.9,0.8857142857142858,0.30000000000000004
843,0.7000000000000001,0.8550195175658093,0.855,0.8512820512820514,0.4
844,0.7000000000000001,0.8575968371534382,0.8575,0.8542199488491048,0.5
845,0.7000000000000001,0.8871984786307676,0.89,0.875,0.6
846,0.7000000000000001,0.8559703733360025,0.86,0.8333333333333333,0.7000000000000001
847,0.7000000000000001,0.8133570213191873,0.8175,0.782089552238806,0.8
848,0.7000000000000001,0.6211340206185567,0.6325,0.3900414937759336,0.9
849,0.7000000000000001,0.7528775898308477,0.76,0.6756756756756755,1.0
850,0.8,0.8375537984185768,0.835,0.8443396226415094,0.1
851,0.8,0.8375537984185768,0.835,0.8443396226415094,0.2
852,0.8,0.8982334100690622,0.8975,0.8972431077694235,0.30000000000000004
853,0.8,0.9266089480532479,0.9275,0.923076923076923,0.4
854,0.8,0.9135722149934942,0.915,0.9081081081081082,0.5
855,0.8,0.8768892002802522,0.88,0.8620689655172413,0.6
856,0.8,0.8277699929936942,0.8325,0.7951070336391437,0.7000000000000001
857,0.8,0.7992693424081674,0.805,0.751592356687898,0.8
858,0.8,0.5,0.515,0.0,0.9
859,0.8,0.5,0.515,0.0,1.0
860,0.9,0.7880842758482633,0.7825,0.8129032258064516,0.1
861,0.9,0.9602642378140327,0.96,0.9591836734693878,0.2
862,0.9,0.8069762786507858,0.81,0.7828571428571428,0.30000000000000004
863,0.9,0.843384045641077,0.8475,0.8179104477611939,0.4
864,0.9,0.751651486337704,0.7575,0.6900958466453673,0.5
865,0.9,0.7498248423581224,0.755,0.6956521739130435,0.6
866,0.9,0.747097387648884,0.7525,0.689655172413793,0.7000000000000001
867,0.9,0.7193474126714042,0.725,0.6518987341772152,0.8
868,0.9,0.5,0.515,0.0,0.9
869,0.9,0.5,0.515,0.0,1.0
870,1.0,0.5,0.515,0.0,0.1
871,1.0,0.5,0.515,0.0,0.2
872,1.0,0.5,0.515,0.0,0.30000000000000004
873,1.0,0.5,0.515,0.0,0.4
874,1.0,0.5,0.515,0.0,0.5
875,1.0,0.5,0.515,0.0,0.6
876,1.0,0.5,0.515,0.0,0.7000000000000001
877,1.0,0.5,0.515,0.0,0.8
878,1.0,0.5,0.515,0.0,0.9
879,1.0,0.5,0.515,0.0,1.0
880,0.0,0.8043238915023521,0.8,0.8214285714285714,0.1
881,0.0,0.9578370533480133,0.9575,0.9567430025445293,0.2
882,0.0,0.8466619957962165,0.845,0.8495145631067961,0.30000000000000004
883,0.0,0.9529826844159744,0.9525,0.9518987341772152,0.4
884,0.0,0.9651186067460715,0.965,0.964102564102564,0.5
885,0.0,0.9675457912120909,0.9675,0.9665809768637532,0.6
886,0.0,0.9508557701931739,0.95,0.95,0.7000000000000001
887,0.0,0.9724001601441298,0.9725,0.9715762273901809,0.8
888,0.0,0.9645180662596337,0.965,0.963350785340314,0.9
889,0.0,0.862776498848964,0.865,0.85,1.0
890,0.1,0.9631418276448804,0.9625,0.9622166246851385,0.1
891,0.1,0.9484285857271545,0.9475,0.9476309226932669,0.2
892,0.1,0.9701231107997198,0.97,0.9692307692307692,0.30000000000000004
893,0.1,0.9675457912120909,0.9675,0.9665809768637532,0.4
894,0.1,0.9601141026924233,0.96,0.958974358974359,0.5
895,0.1,0.9623911520368332,0.9625,0.9612403100775193,0.6
896,0.1,0.8692823541187069,0.87,0.8631578947368421,0.7000000000000001
897,0.1,0.9620908817936142,0.9625,0.9608355091383811,0.8
898,0.1,0.8592733460114105,0.86,0.8526315789473684,0.9
899,0.1,0.8668551696526876,0.8675,0.8608923884514434,1.0
900,0.2,0.5,0.485,0.6531986531986532,0.1
901,0.2,0.9409968972074869,0.94,0.9402985074626865,0.2
902,0.2,0.8469622660394354,0.845,0.8509615384615384,0.30000000000000004
903,0.2,0.9532829546591933,0.9525,0.9523809523809524,0.4
904,0.2,0.9622410169152238,0.9625,0.961038961038961,0.5
905,0.2,0.9749774797317586,0.975,0.9742268041237113,0.6
906,0.2,0.8829196276648984,0.8825,0.8810126582278481,0.7000000000000001
907,0.2,0.9332899609648684,0.935,0.9289617486338797,0.8
908,0.2,0.8698828946051447,0.87,0.8659793814432989,0.9
909,0.2,0.9413221899709738,0.9425,0.938337801608579,1.0
910,0.30000000000000004,0.8091782604343909,0.805,0.8251121076233184,0.1
911,0.30000000000000004,0.8493894505054548,0.8475,0.8530120481927711,0.2
912,0.30000000000000004,0.9617906115503954,0.9625,0.9604221635883905,0.30000000000000004
913,0.30000000000000004,0.9590631568411571,0.96,0.9574468085106383,0.4
914,0.30000000000000004,0.9376689020118106,0.9375,0.9360613810741688,0.5
915,0.30000000000000004,0.9478280452407167,0.9475,0.9465648854961832,0.6
916,0.30000000000000004,0.9463266940246221,0.9475,0.9436997319034853,0.7000000000000001
917,0.30000000000000004,0.9593634270843759,0.96,0.9578947368421052,0.8
918,0.30000000000000004,0.9516314683214894,0.9525,0.9496021220159152,0.9
919,0.30000000000000004,0.9516314683214894,0.9525,0.9496021220159152,1.0
920,0.4,0.9517816034430988,0.9525,0.949868073878628,0.1
921,0.4,0.8448353518166349,0.8425,0.8503562945368173,0.2
922,0.4,0.9413221899709738,0.9425,0.938337801608579,0.30000000000000004
923,0.4,0.9414723250925833,0.9425,0.9386666666666665,0.4
924,0.4,0.919777800020018,0.92,0.917098445595855,0.5
925,0.4,0.8773145831248125,0.8775,0.8733850129198967,0.6
926,0.4,0.9361675507957162,0.9375,0.9326145552560647,0.7000000000000001
927,0.4,0.8482133920528475,0.85,0.8360655737704917,0.8
928,0.4,0.8739865879291363,0.875,0.8670212765957447,0.9
929,0.4,0.9152487238514664,0.9175,0.9080779944289693,1.0
930,0.5,0.8187368631768591,0.815,0.8318181818181818,0.1
931,0.5,0.8020468421579422,0.7975,0.8203991130820399,0.2
932,0.5,0.9655690121108998,0.965,0.9646464646464646,0.30000000000000004
933,0.5,0.9516314683214894,0.9525,0.9496021220159152,0.4
934,0.5,0.8674557101391254,0.8675,0.8637532133676092,0.5
935,0.5,0.930862776498849,0.9325,0.9264305177111716,0.6
936,0.5,0.952832549294365,0.9525,0.9516539440203563,0.7000000000000001
937,0.5,0.8900510459413473,0.89,0.8871794871794872,0.8
938,0.5,0.7687919127214493,0.775,0.7077922077922078,0.9
939,0.5,0.9153988589730758,0.9175,0.9085872576177286,1.0
940,0.6000000000000001,0.8496897207486739,0.8475,0.8544152744630071,0.1
941,0.6000000000000001,0.8923280952857572,0.8925,0.8888888888888887,0.2
942,0.6000000000000001,0.8592483234911419,0.8575,0.8619854721549636,0.30000000000000004
943,0.6000000000000001,0.9270593534180762,0.9275,0.9242819843342036,0.4
944,0.6000000000000001,0.8313982584325894,0.835,0.8070175438596491,0.5
945,0.6000000000000001,0.8313982584325894,0.835,0.8070175438596491,0.6
946,0.6000000000000001,0.8585476929236313,0.8625,0.8367952522255193,0.7000000000000001
947,0.6000000000000001,0.8147332599339405,0.82,0.7749999999999998,0.8
948,0.6000000000000001,0.7757731958762887,0.7825,0.7109634551495017,0.9
949,0.6000000000000001,0.6932989690721649,0.7025,0.5576208178438662,1.0
950,0.7000000000000001,0.8851716544890402,0.8825,0.8894117647058825,0.1
951,0.7000000000000001,0.9313131818636773,0.9325,0.9276139410187668,0.2
952,0.7000000000000001,0.8937043339005105,0.895,0.8870967741935484,0.30000000000000004
953,0.7000000000000001,0.8692823541187069,0.87,0.8631578947368421,0.4
954,0.7000000000000001,0.8818937043339005,0.885,0.8678160919540229,0.5
955,0.7000000000000001,0.8925032529276349,0.895,0.8820224719101123,0.6
956,0.7000000000000001,0.7164948453608248,0.725,0.60431654676259,0.7000000000000001
957,0.7000000000000001,0.7139175257731959,0.7225,0.5992779783393501,0.8
958,0.7000000000000001,0.7010309278350515,0.71,0.573529411764706,0.9
959,0.7000000000000001,0.615979381443299,0.6275,0.37656903765690375,1.0
960,0.8,0.8208637773996598,0.8175,0.8321839080459771,0.1
961,0.8,0.8371033930537483,0.835,0.8421052631578948,0.2
962,0.8,0.8959813832449205,0.8975,0.8888888888888888,0.30000000000000004
963,0.8,0.8412070863777399,0.84,0.8423645320197045,0.4
964,0.8,0.8699079171254128,0.8725,0.8563380281690142,0.5
965,0.8,0.8486888199379442,0.8525,0.8259587020648969,0.6
966,0.8,0.8022970673606246,0.8075,0.7601246105919002,0.7000000000000001
967,0.8,0.8407817035331798,0.8425,0.8283378746594006,0.8
968,0.8,0.5,0.515,0.0,0.9
969,0.8,0.6134020618556701,0.625,0.36974789915966383,1.0
970,0.9,0.8751626463817436,0.8725,0.88,0.1
971,0.9,0.8073516164548094,0.8025,0.8263736263736263,0.2
972,0.9,0.9126714042638375,0.915,0.9050279329608938,0.30000000000000004
973,0.9,0.802121909718747,0.805,0.7784090909090909,0.4
974,0.9,0.8315483935541989,0.835,0.8081395348837209,0.5
975,0.9,0.7346862175958363,0.7425,0.6411149825783972,0.6
976,0.9,0.6832899609648684,0.6925,0.5427509293680297,0.7000000000000001
977,0.9,0.5,0.515,0.0,0.8
978,0.9,0.5,0.515,0.0,0.9
979,0.9,0.5,0.515,0.0,1.0
980,1.0,0.5,0.515,0.0,0.1
981,1.0,0.5,0.515,0.0,0.2
982,1.0,0.5,0.515,0.0,0.30000000000000004
983,1.0,0.5,0.515,0.0,0.4
984,1.0,0.5,0.515,0.0,0.5
985,1.0,0.5,0.515,0.0,0.6
986,1.0,0.5,0.515,0.0,0.7000000000000001
987,1.0,0.5,0.515,0.0,0.8
988,1.0,0.5,0.515,0.0,0.9
989,1.0,0.5,0.515,0.0,1.0
990,0.0,0.9484285857271545,0.9475,0.9476309226932669,0.1
991,0.0,0.8351266139525574,0.8325,0.8423529411764706,0.2
992,0.0,0.9604143729356421,0.96,0.9593908629441624,0.30000000000000004
993,0.0,0.8788159343409069,0.8775,0.8796068796068797,0.4
994,0.0,0.8760884796316685,0.875,0.8762376237623761,0.5
995,0.0,0.8648783905514965,0.865,0.8608247422680413,0.6
996,0.0,0.9675457912120909,0.9675,0.9665809768637532,0.7000000000000001
997,0.0,0.8777649884896407,0.8775,0.8753180661577608,0.8
998,0.0,0.9545090581523371,0.955,0.9528795811518325,0.9
999,0.0,0.8674807326593935,0.87,0.8539325842696628,1.0
1000,0.1,0.9604143729356421,0.96,0.9593908629441624,0.1
1001,0.1,0.8493894505054548,0.8475,0.8530120481927711,0.2
1002,0.1,0.9601141026924233,0.96,0.958974358974359,0.30000000000000004
1003,0.1,0.8679061155039536,0.8675,0.8658227848101266,0.4
1004,0.1,0.9238564708237414,0.9225,0.9238329238329238,0.5
1005,0.1,0.9649684716244621,0.965,0.9639175257731959,0.6
1006,0.1,0.9601141026924233,0.96,0.958974358974359,0.7000000000000001
1007,0.1,0.9675457912120909,0.9675,0.9665809768637532,0.8
1008,0.1,0.9652687418676811,0.965,0.9642857142857142,0.9
1009,0.1,0.8634020618556701,0.8675,0.8417910447761193,1.0
1010,0.2,0.950555499949955,0.95,0.9494949494949495,0.1
1011,0.2,0.948278450605545,0.9475,0.9473684210526315,0.2
1012,0.2,0.9532829546591933,0.9525,0.9523809523809524,0.30000000000000004
1013,0.2,0.9605645080572516,0.96,0.9595959595959594,0.4
1014,0.2,0.9623911520368332,0.9625,0.9612403100775193,0.5
1015,0.2,0.8795916324692223,0.88,0.8749999999999999,0.6
1016,0.2,0.8683565208687818,0.8675,0.8678304239401496,0.7000000000000001
1017,0.2,0.8950555499949955,0.895,0.8923076923076922,0.8
1018,0.2,0.9673956560904815,0.9675,0.9664082687338501,0.9
1019,0.2,0.8572965669102193,0.8575,0.8527131782945736,1.0
1020,0.30000000000000004,0.9432739465518968,0.9425,0.9423558897243108,0.1
1021,0.30000000000000004,0.9290111099989992,0.9275,0.9290953545232273,0.2
1022,0.30000000000000004,0.8669802822540287,0.865,0.8701923076923076,0.30000000000000004
1023,0.30000000000000004,0.9493544189770795,0.95,0.9473684210526316,0.4
1024,0.30000000000000004,0.9590631568411571,0.96,0.9574468085106383,0.5
1025,0.30000000000000004,0.9592132919627665,0.96,0.9576719576719577,0.6
1026,0.30000000000000004,0.9667951156040436,0.9675,0.9656992084432717,0.7000000000000001
1027,0.30000000000000004,0.9463266940246221,0.9475,0.9436997319034853,0.8
1028,0.30000000000000004,0.9593634270843759,0.96,0.9578947368421052,0.9
1029,0.30000000000000004,0.9487538784906415,0.95,0.9462365591397849,1.0
1030,0.4,0.8918776899209289,0.8925,0.8871391076115485,0.1
1031,0.4,0.9350915824241818,0.935,0.9333333333333333,0.2
1032,0.4,0.9287358622760484,0.93,0.9247311827956988,0.30000000000000004
1033,0.4,0.9363176859173256,0.9375,0.9329758713136729,0.4
1034,0.4,0.8645781203082775,0.865,0.8593750000000001,0.5
1035,0.4,0.9516314683214894,0.9525,0.9496021220159152,0.6
1036,0.4,0.9388950055049544,0.94,0.9358288770053476,0.7000000000000001
1037,0.4,0.8970573516164548,0.9,0.8857142857142858,0.8
1038,0.4,0.8562706435792213,0.86,0.8352941176470589,0.9
1039,0.4,0.8973576218596737,0.9,0.8870056497175142,1.0
1040,0.5,0.9458512661395256,0.945,0.9450000000000001,0.1
1041,0.5,0.9675457912120909,0.9675,0.9665809768637532,0.2
1042,0.5,0.9648183365028526,0.965,0.9637305699481865,0.30000000000000004
1043,0.5,0.8507656891202081,0.85,0.85,0.4
1044,0.5,0.8612251025923331,0.86,0.8620689655172413,0.5
1045,0.5,0.9046141527374637,0.905,0.9010416666666667,0.6
1046,0.5,0.9228305474927435,0.925,0.9166666666666667,0.7000000000000001
1047,0.5,0.9176759083174858,0.92,0.9106145251396648,0.8
1048,0.5,0.7549794815333801,0.76,0.7037037037037037,0.9
1049,0.5,0.8353518166349715,0.84,0.8048780487804879,1.0
1050,0.6000000000000001,0.8352767490741668,0.8325,0.8430913348946135,0.1
1051,0.6000000000000001,0.8404313882494245,0.8375,0.8484848484848485,0.2
1052,0.6000000000000001,0.9244820338304474,0.925,0.9214659685863875,0.30000000000000004
1053,0.6000000000000001,0.9179761785607047,0.92,0.9116022099447513,0.4
1054,0.6000000000000001,0.8999349414473026,0.9025,0.8901408450704225,0.5
1055,0.6000000000000001,0.9208537683915524,0.9225,0.9155313351498637,0.6
1056,0.6000000000000001,0.8074517065358823,0.8125,0.7678018575851394,0.7000000000000001
1057,0.6000000000000001,0.7992693424081674,0.805,0.751592356687898,0.8
1058,0.6000000000000001,0.8098788910019017,0.815,0.7701863354037266,0.9
1059,0.6000000000000001,0.7992693424081674,0.805,0.751592356687898,1.0
1060,0.7000000000000001,0.8650285256731058,0.865,0.8615384615384615,0.1
1061,0.7000000000000001,0.9106946251626464,0.9125,0.9041095890410958,0.2
1062,0.7000000000000001,0.9088679811830648,0.91,0.9037433155080213,0.30000000000000004
1063,0.7000000000000001,0.8976578921028926,0.9,0.8882681564245809,0.4
1064,0.7000000000000001,0.8644530077069362,0.8675,0.8481375358166189,0.5
1065,0.7000000000000001,0.892202982684416,0.895,0.8806818181818181,0.6
1066,0.7000000000000001,0.822765488940046,0.8275,0.7889908256880732,0.7000000000000001
1067,0.7000000000000001,0.7375387849064158,0.7425,0.683076923076923,0.8
1068,0.7000000000000001,0.634020618556701,0.645,0.42276422764227645,0.9
1069,0.7000000000000001,0.6520618556701031,0.6625,0.46640316205533594,1.0
1070,0.8,0.8000700630567511,0.795,0.8209606986899565,0.1
1071,0.8,0.9173506155539985,0.9175,0.9147286821705426,0.2
1072,0.8,0.8266439795816235,0.825,0.8300970873786407,0.30000000000000004
1073,0.8,0.9137223501151036,0.915,0.9086021505376344,0.4
1074,0.8,0.885672104894405,0.8875,0.8767123287671232,0.5
1075,0.8,0.8483885496947253,0.8525,0.8238805970149253,0.6
1076,0.8,0.7803022720448404,0.785,0.7378048780487806,0.7000000000000001
1077,0.8,0.7636372735461916,0.77,0.6993464052287581,0.8
1078,0.8,0.7536282654388949,0.76,0.6862745098039216,0.9
1079,0.8,0.7170953858472625,0.725,0.6153846153846154,1.0
1080,0.9,0.7929386447803022,0.7875,0.816414686825054,0.1
1081,0.9,0.826919227304574,0.8225,0.841870824053452,0.2
1082,0.9,0.8000700630567511,0.795,0.8209606986899565,0.30000000000000004
1083,0.9,0.7438444600140126,0.7425,0.748166259168704,0.4
1084,0.9,0.742843559203283,0.7475,0.6930091185410334,0.5
1085,0.9,0.7245270743669302,0.7325,0.6245614035087719,0.6
1086,0.9,0.6932989690721649,0.7025,0.5576208178438662,0.7000000000000001
1087,0.9,0.5,0.515,0.0,0.8
1088,0.9,0.5,0.515,0.0,0.9
1089,0.9,0.5,0.515,0.0,1.0
1090,1.0,0.5,0.515,0.0,0.1
1091,1.0,0.5,0.515,0.0,0.2
1092,1.0,0.5,0.515,0.0,0.30000000000000004
1093,1.0,0.5,0.515,0.0,0.4
1094,1.0,0.5,0.515,0.0,0.5
1095,1.0,0.5,0.515,0.0,0.6
1096,1.0,0.5,0.515,0.0,0.7000000000000001
1097,1.0,0.5,0.515,0.0,0.8
1098,1.0,0.5,0.515,0.0,0.9
1099,1.0,0.5,0.515,0.0,1.0
